id,first_name,last_name,email,gender,ip_address
1,Hanson,Sprowle,hsprowle0@photobucket.com,Polygender,136.146.254.71
2,Teriann,Birdall,tbirdall1@parallels.com,Non-binary,251.159.57.56
3,Ardath,Ortell,aortell2@ox.ac.uk,Female,135.151.82.130
4,Billye,Spata,bspata3@histats.com,Genderfluid,141.133.144.177
5,Barbabas,O' Donohoe,bodonohoe4@rakuten.co.jp,Non-binary,147.136.65.3
6,Madonna,Cant,mcant5@ehow.com,Agender,168.154.167.116
7,Lorianna,Attwater,lattwater6@gizmodo.com,Female,60.3.219.143
8,Dun,Davidman,ddavidman7@nps.gov,Female,218.146.249.182
9,Jeanine,Dronsfield,jdronsfield8@ow.ly,Non-binary,27.41.55.24
10,Brit,Pykerman,bpykerman9@paypal.com,Male,231.13.103.39
11,Sibilla,Hubert,shuberta@newyorker.com,Polygender,254.52.61.108
12,Barnebas,Puttock,bputtockb@merriam-webster.com,Polygender,141.123.81.131
13,Elaina,Hughs,ehughsc@craigslist.org,Male,177.187.5.200
14,Kathlin,Softley,ksoftleyd@biglobe.ne.jp,Genderfluid,191.1.164.1
15,Betta,Storr,bstorre@telegraph.co.uk,Genderfluid,132.40.230.71
16,Holmes,Balsom,hbalsomf@si.edu,Female,9.150.49.72
17,Suzie,Pollins,spollinsg@gnu.org,Polygender,77.55.74.62
18,Gilda,Rodear,grodearh@cdbaby.com,Polygender,184.129.215.144
19,Hasty,Hanbridge,hhanbridgei@icio.us,Male,34.242.45.15
20,Babette,Raffeorty,braffeortyj@acquirethisname.com,Genderfluid,203.126.191.164
21,Norbert,Labbez,nlabbezk@shareasale.com,Female,99.237.86.146
22,Mord,Poile,mpoilel@fotki.com,Genderqueer,251.38.68.26
23,Isabeau,Watling,iwatlingm@goo.ne.jp,Male,170.180.43.162
24,Karel,Kimbury,kkimburyn@mapquest.com,Male,21.40.85.219
25,Roldan,Vedyashkin,rvedyashkino@home.pl,Genderqueer,103.167.158.225
26,Auguste,Amott,aamottp@home.pl,Genderfluid,74.73.187.104
27,Zackariah,Clohisey,zclohiseyq@cocolog-nifty.com,Bigender,244.232.172.4
28,Merrel,Trengrove,mtrengrover@time.com,Bigender,167.48.234.67
29,Johnny,Odney,jodneys@ftc.gov,Male,27.201.15.26
30,Frannie,Naptine,fnaptinet@youtu.be,Female,53.92.169.154
31,Susanna,Calow,scalowu@skype.com,Female,119.217.234.63
32,Nevins,Longhorne,nlonghornev@ucoz.ru,Bigender,213.68.255.102
33,Bonnibelle,Coleby,bcolebyw@time.com,Male,144.96.216.124
34,Georgetta,Sabathe,gsabathex@miitbeian.gov.cn,Polygender,87.147.21.230
35,Raphael,Janku,rjankuy@wisc.edu,Male,101.145.142.122
36,Mortimer,Langeley,mlangeleyz@newyorker.com,Polygender,106.224.234.184
37,Izaak,Picford,ipicford10@redcross.org,Non-binary,213.96.228.85
38,Andros,Adamovicz,aadamovicz11@mlb.com,Genderqueer,253.251.44.134
39,Dulcine,McMurty,dmcmurty12@go.com,Bigender,248.103.18.244
40,Ruth,Sherbourne,rsherbourne13@4shared.com,Non-binary,67.12.68.44
41,Giustina,Colliar,gcolliar14@people.com.cn,Male,37.174.240.237
42,Gwyn,Sylett,gsylett15@yelp.com,Female,14.123.14.122
43,Huberto,Sarfati,hsarfati16@zimbio.com,Agender,239.88.36.55
44,Sherie,Muat,smuat17@state.gov,Male,201.40.232.110
45,Lib,Elt,lelt18@163.com,Female,196.69.208.197
46,Zach,Edwardes,zedwardes19@wired.com,Genderfluid,199.200.158.231
47,Kala,Tilberry,ktilberry1a@baidu.com,Genderqueer,249.91.210.12
48,Emera,Emlin,eemlin1b@istockphoto.com,Polygender,30.181.186.213
49,Pip,Parfett,pparfett1c@usnews.com,Female,150.127.61.19
50,Hedda,Percifer,hpercifer1d@shareasale.com,Genderqueer,49.226.130.207
51,Wilden,Calender,wcalender1e@psu.edu,Female,167.1.228.151
52,Georgiana,Cassam,gcassam1f@army.mil,Genderfluid,71.86.254.71
53,Olly,Upsale,oupsale1g@delicious.com,Male,131.162.240.40
54,Alyosha,Spelman,aspelman1h@mediafire.com,Male,22.148.105.231
55,Bryant,Chastelain,bchastelain1i@state.gov,Female,125.35.151.85
56,Shae,Bains,sbains1j@disqus.com,Male,180.133.93.48
57,Junina,Bagehot,jbagehot1k@dion.ne.jp,Male,138.177.151.177
58,Torry,Stanett,tstanett1l@columbia.edu,Male,137.95.115.105
59,Else,Hoopper,ehoopper1m@mediafire.com,Non-binary,167.91.61.51
60,Zondra,Peacey,zpeacey1n@nationalgeographic.com,Non-binary,40.62.210.13
61,Grange,Campe,gcampe1o@stanford.edu,Genderqueer,94.81.79.200
62,Darlleen,Jendrach,djendrach1p@google.es,Bigender,200.22.167.254
63,Valera,MacKeeg,vmackeeg1q@nih.gov,Polygender,105.181.184.213
64,Cordie,Gully,cgully1r@slate.com,Bigender,125.129.26.112
65,Regan,Landrean,rlandrean1s@163.com,Male,134.36.162.72
66,Isidore,Fortun,ifortun1t@japanpost.jp,Agender,164.3.102.172
67,Frieda,Mulvihill,fmulvihill1u@dell.com,Genderqueer,119.226.77.168
68,Marjie,Gracewood,mgracewood1v@so-net.ne.jp,Polygender,228.248.122.30
69,Cassandre,Jouhandeau,cjouhandeau1w@google.ca,Polygender,88.64.143.234
70,Tiertza,Pennyman,tpennyman1x@360.cn,Bigender,230.23.147.54
71,Sebastien,Chisman,schisman1y@disqus.com,Male,140.168.96.60
72,Mandie,Najara,mnajara1z@dyndns.org,Bigender,29.171.206.139
73,Nehemiah,Botright,nbotright20@vinaora.com,Genderfluid,50.226.209.106
74,Lilia,Pickburn,lpickburn21@ow.ly,Male,174.240.186.173
75,Shae,Spoward,sspoward22@sciencedirect.com,Bigender,14.11.180.122
76,Maury,Wellbelove,mwellbelove23@blogspot.com,Male,220.112.228.76
77,Evania,Gillibrand,egillibrand24@weather.com,Agender,219.237.82.232
78,Clim,Skrzynski,cskrzynski25@merriam-webster.com,Male,171.170.27.187
79,Weider,Weston,wweston26@discovery.com,Non-binary,52.36.174.70
80,Shayne,Del Monte,sdelmonte27@google.it,Agender,49.178.117.208
81,Derk,Beetles,dbeetles28@paginegialle.it,Bigender,194.49.187.126
82,Perry,MacMenemy,pmacmenemy29@google.com.hk,Bigender,221.29.95.135
83,Caesar,Waison,cwaison2a@blogger.com,Genderfluid,120.218.218.8
84,Prent,Pennaman,ppennaman2b@mac.com,Bigender,1.228.51.106
85,Alasteir,Phizakarley,aphizakarley2c@washingtonpost.com,Female,68.187.242.195
86,Lewie,Jursch,ljursch2d@wsj.com,Genderqueer,128.185.227.177
87,Jennee,Oppery,joppery2e@hubpages.com,Non-binary,251.243.59.25
88,Jeffie,Feltoe,jfeltoe2f@virginia.edu,Male,169.28.196.176
89,Alis,Drysdall,adrysdall2g@latimes.com,Genderqueer,63.151.2.40
90,Matthus,Fautley,mfautley2h@addtoany.com,Genderqueer,118.161.41.32
91,Neilla,Capoun,ncapoun2i@ycombinator.com,Female,62.91.158.60
92,Barny,McKeurtan,bmckeurtan2j@stumbleupon.com,Polygender,162.33.152.138
93,Anton,Godsal,agodsal2k@free.fr,Female,39.59.124.128
94,Tamera,Jefford,tjefford2l@usda.gov,Bigender,184.237.143.113
95,Torrence,Weiser,tweiser2m@apple.com,Agender,75.9.24.167
96,Mikaela,Greetland,mgreetland2n@angelfire.com,Female,70.107.133.218
97,Andromache,McGeown,amcgeown2o@webeden.co.uk,Genderfluid,41.23.74.252
98,Kyrstin,Hodgon,khodgon2p@etsy.com,Polygender,48.235.184.236
99,Mikael,Merrywether,mmerrywether2q@guardian.co.uk,Female,13.52.174.239
100,Odessa,Boriston,oboriston2r@51.la,Polygender,201.46.191.240
101,Madelene,McArdle,mmcardle2s@foxnews.com,Genderqueer,31.65.247.19
102,Kathie,Grahamslaw,kgrahamslaw2t@youtube.com,Non-binary,110.73.0.220
103,Leonhard,Borrott,lborrott2u@nih.gov,Agender,118.57.222.137
104,Dianemarie,Ravillas,dravillas2v@bbb.org,Non-binary,61.225.26.82
105,Myrtia,Gracewood,mgracewood2w@amazon.co.uk,Polygender,241.236.249.143
106,Maribelle,McCrone,mmccrone2x@state.gov,Non-binary,14.134.4.80
107,Torr,Ablett,tablett2y@google.co.jp,Genderqueer,53.1.148.7
108,Egan,Pavelka,epavelka2z@shinystat.com,Male,120.119.225.22
109,Claudie,Gatteridge,cgatteridge30@shutterfly.com,Female,109.42.47.34
110,Marena,Lightowler,mlightowler31@amazon.co.jp,Agender,188.194.131.131
111,Kate,Greber,kgreber32@wordpress.org,Genderqueer,14.134.114.225
112,Meade,Brennenstuhl,mbrennenstuhl33@utexas.edu,Genderqueer,64.142.103.135
113,Felicdad,Witterick,fwitterick34@histats.com,Agender,86.100.65.68
114,Fran,MacShirrie,fmacshirrie35@is.gd,Male,184.255.20.76
115,Pacorro,Brame,pbrame36@howstuffworks.com,Genderfluid,246.172.174.153
116,Bernelle,Rosas,brosas37@zimbio.com,Polygender,79.254.152.117
117,Nadiya,Monketon,nmonketon38@opensource.org,Genderfluid,211.80.246.123
118,Ranee,Adaway,radaway39@mtv.com,Male,147.156.50.223
119,Nadya,Schmidt,nschmidt3a@wisc.edu,Bigender,111.198.120.141
120,Demetria,Fawdrie,dfawdrie3b@umn.edu,Polygender,16.65.82.16
121,Anderea,Runnalls,arunnalls3c@so-net.ne.jp,Polygender,100.249.184.8
122,Zenia,Collcutt,zcollcutt3d@biglobe.ne.jp,Polygender,80.195.98.58
123,Zebadiah,McKoy,zmckoy3e@csmonitor.com,Male,101.134.75.71
124,Deanna,Mothersole,dmothersole3f@nhs.uk,Agender,18.14.25.130
125,Caddric,Flatley,cflatley3g@webs.com,Genderfluid,213.66.46.78
126,Christian,Chadbourn,cchadbourn3h@baidu.com,Genderfluid,31.170.64.108
127,Lazaro,Burkitt,lburkitt3i@ebay.com,Agender,42.13.46.252
128,Patty,Culter,pculter3j@cisco.com,Genderqueer,208.205.187.192
129,Gay,Steventon,gsteventon3k@ucsd.edu,Polygender,121.99.148.30
130,Monte,Jandera,mjandera3l@technorati.com,Polygender,28.147.140.233
131,Vivia,Finlry,vfinlry3m@unesco.org,Agender,233.49.166.70
132,Crissie,McCoid,cmccoid3n@newyorker.com,Agender,113.149.165.40
133,Gran,Burndred,gburndred3o@usatoday.com,Non-binary,244.26.85.2
134,Claybourne,Ower,cower3p@cam.ac.uk,Male,254.239.247.239
135,Nathalie,Chalkly,nchalkly3q@cloudflare.com,Agender,105.188.57.35
136,Holli,Pawellek,hpawellek3r@ox.ac.uk,Male,140.115.91.250
137,Lemar,Isakowicz,lisakowicz3s@gmpg.org,Polygender,30.251.250.29
138,Raffaello,Hairsnape,rhairsnape3t@washington.edu,Male,8.86.90.169
139,Wernher,Carpe,wcarpe3u@tamu.edu,Agender,195.16.125.37
140,Martie,Chessell,mchessell3v@themeforest.net,Agender,116.71.110.28
141,Shellysheldon,Skuse,sskuse3w@rakuten.co.jp,Female,69.167.221.40
142,Merwyn,Amos,mamos3x@hhs.gov,Non-binary,247.117.78.21
143,Silva,Bainbridge,sbainbridge3y@cnbc.com,Male,250.212.61.217
144,Nadia,Holson,nholson3z@opensource.org,Bigender,140.16.72.223
145,Virgina,Domengue,vdomengue40@huffingtonpost.com,Genderfluid,178.54.158.132
146,Laina,Dishman,ldishman41@w3.org,Polygender,235.10.101.9
147,Panchito,Lang,plang42@jimdo.com,Polygender,139.155.252.60
148,Sully,Cluney,scluney43@jimdo.com,Genderfluid,36.21.97.115
149,Jeanie,MacNab,jmacnab44@illinois.edu,Genderfluid,30.173.15.211
150,Olympe,Apperley,oapperley45@desdev.cn,Genderqueer,101.144.61.159
151,Brenda,Syratt,bsyratt46@netscape.com,Non-binary,207.30.40.135
152,Ancell,Jedrychowski,ajedrychowski47@hubpages.com,Male,66.136.122.185
153,Skipp,Nyssen,snyssen48@aol.com,Non-binary,227.25.178.103
154,Gordy,D'Onisi,gdonisi49@infoseek.co.jp,Genderfluid,18.52.18.10
155,Cornell,Lys,clys4a@xinhuanet.com,Female,156.138.251.213
156,Estrella,Humpage,ehumpage4b@wsj.com,Agender,36.138.22.215
157,Marshall,Aristide,maristide4c@vkontakte.ru,Genderqueer,77.40.253.230
158,Emmalyn,Littlejohn,elittlejohn4d@sina.com.cn,Genderfluid,139.119.214.51
159,Helli,Laurenzi,hlaurenzi4e@businessweek.com,Bigender,62.23.167.110
160,Kathy,Bartrap,kbartrap4f@cnet.com,Agender,185.96.25.121
161,Gaspar,Ilden,gilden4g@pbs.org,Female,92.245.122.83
162,Eben,Finnis,efinnis4h@godaddy.com,Non-binary,199.17.201.49
163,Korry,Killingsworth,kkillingsworth4i@ed.gov,Bigender,169.90.232.79
164,Mersey,Philipp,mphilipp4j@who.int,Genderqueer,98.247.249.45
165,Ericka,Stivers,estivers4k@go.com,Genderfluid,46.215.149.230
166,Annabal,Vedeneev,avedeneev4l@census.gov,Male,205.193.119.224
167,Aurea,Kubes,akubes4m@deviantart.com,Genderfluid,196.157.164.32
168,Johnath,Jansik,jjansik4n@imageshack.us,Female,65.137.194.188
169,Corrinne,Jeandel,cjeandel4o@dropbox.com,Genderfluid,6.199.215.91
170,Hermie,Cow,hcow4p@usgs.gov,Genderfluid,101.72.125.134
171,Jackquelin,Beche,jbeche4q@ucsd.edu,Agender,48.125.103.168
172,Tristam,Amsberger,tamsberger4r@reference.com,Polygender,136.235.189.185
173,Morie,Chantree,mchantree4s@blinklist.com,Agender,13.165.17.247
174,Trina,Ivashkov,tivashkov4t@t-online.de,Polygender,96.128.76.69
175,Glenn,Try,gtry4u@abc.net.au,Agender,219.14.183.190
176,Leonanie,Crace,lcrace4v@acquirethisname.com,Non-binary,160.239.166.233
177,Stanford,Colyer,scolyer4w@netlog.com,Female,101.97.18.45
178,Leena,Shawcroft,lshawcroft4x@sitemeter.com,Polygender,105.29.219.54
179,Fielding,Cluley,fcluley4y@altervista.org,Male,157.174.175.23
180,Gerda,Gives,ggives4z@tripod.com,Male,247.239.235.239
181,Arabelle,Bourdel,abourdel50@howstuffworks.com,Non-binary,49.59.74.147
182,Mayor,Wadelin,mwadelin51@eventbrite.com,Male,35.245.185.77
183,Brandice,Lowy,blowy52@webeden.co.uk,Genderfluid,168.132.80.104
184,Maura,Squire,msquire53@1und1.de,Male,134.187.121.54
185,Emmerich,Broun,ebroun54@about.me,Polygender,144.120.37.29
186,Maud,Crebbin,mcrebbin55@goodreads.com,Genderqueer,130.179.47.54
187,Kameko,Di Pietro,kdipietro56@bizjournals.com,Female,49.82.244.101
188,Horatio,Caltun,hcaltun57@twitpic.com,Bigender,221.243.98.27
189,Cristabel,Bayne,cbayne58@bloomberg.com,Male,28.32.190.139
190,Abraham,Siddens,asiddens59@nba.com,Non-binary,243.114.168.210
191,Odelinda,Crease,ocrease5a@ask.com,Non-binary,124.229.106.205
192,Kilian,Dawdry,kdawdry5b@google.com,Genderfluid,131.178.0.173
193,Fergus,Surby,fsurby5c@disqus.com,Non-binary,70.206.229.97
194,Nathalia,Avramov,navramov5d@posterous.com,Female,126.177.169.230
195,Tillie,Firpo,tfirpo5e@sciencedirect.com,Bigender,43.237.91.154
196,Genna,Sines,gsines5f@weibo.com,Genderqueer,110.55.106.107
197,Terry,Cuddehy,tcuddehy5g@addtoany.com,Genderfluid,152.119.253.228
198,Roderigo,Pietrasik,rpietrasik5h@webeden.co.uk,Bigender,148.2.250.134
199,Wally,Wytchard,wwytchard5i@yale.edu,Female,64.148.13.104
200,Tobi,Geldeard,tgeldeard5j@fda.gov,Non-binary,199.221.36.47
201,Gwenette,Gotthard,ggotthard5k@stumbleupon.com,Genderqueer,58.124.215.196
202,Vinson,Bambery,vbambery5l@google.com,Agender,178.177.18.236
203,Ron,Frankcom,rfrankcom5m@sbwire.com,Agender,245.219.115.101
204,Corette,Revel,crevel5n@comcast.net,Genderqueer,74.144.109.200
205,Carlota,Charles,ccharles5o@nytimes.com,Bigender,103.229.71.229
206,Rozalie,Paternoster,rpaternoster5p@usnews.com,Genderfluid,92.224.116.139
207,Kin,Lowth,klowth5q@bbb.org,Polygender,212.254.157.229
208,Vergil,Sharphurst,vsharphurst5r@archive.org,Non-binary,232.66.159.42
209,Glory,Ashenhurst,gashenhurst5s@scientificamerican.com,Non-binary,112.184.122.126
210,Latia,Dominguez,ldominguez5t@51.la,Non-binary,107.129.170.20
211,Gavra,Jeffryes,gjeffryes5u@independent.co.uk,Male,37.239.123.193
212,Cyrillus,Saylor,csaylor5v@google.nl,Genderqueer,75.113.54.208
213,Peder,Vuittet,pvuittet5w@google.nl,Polygender,82.9.52.139
214,Ragnar,Whitebrook,rwhitebrook5x@oakley.com,Non-binary,135.159.176.134
215,Howey,Scotts,hscotts5y@whitehouse.gov,Female,5.180.56.200
216,Simone,Cuthill,scuthill5z@sbwire.com,Bigender,145.20.140.30
217,Virgil,Murdoch,vmurdoch60@webs.com,Genderqueer,202.230.167.25
218,Joeann,Forrington,jforrington61@alibaba.com,Female,21.38.37.50
219,Elnore,Mulran,emulran62@blogger.com,Agender,159.201.151.124
220,Lillian,Dodwell,ldodwell63@skyrock.com,Genderqueer,250.52.207.241
221,Burty,McEntegart,bmcentegart64@paginegialle.it,Bigender,177.153.180.150
222,Lukas,Rolley,lrolley65@usgs.gov,Genderfluid,165.251.218.159
223,Tirrell,Stilwell,tstilwell66@elegantthemes.com,Non-binary,27.149.103.179
224,Kent,Palfrey,kpalfrey67@xing.com,Bigender,51.207.12.8
225,Dorelle,Poizer,dpoizer68@amazon.co.jp,Genderqueer,213.195.69.16
226,Flory,Jenik,fjenik69@cargocollective.com,Male,137.69.96.28
227,Vachel,Veschambes,vveschambes6a@pinterest.com,Non-binary,50.247.49.224
228,Tatum,McGrail,tmcgrail6b@simplemachines.org,Genderqueer,84.46.140.198
229,Rebe,Whate,rwhate6c@360.cn,Male,116.137.220.19
230,Elaine,Langley,elangley6d@blogtalkradio.com,Genderfluid,221.123.197.224
231,Lusa,Healey,lhealey6e@tripadvisor.com,Genderqueer,106.198.16.144
232,Jeanie,Hauxwell,jhauxwell6f@webnode.com,Polygender,72.45.204.167
233,Dasya,Carlisso,dcarlisso6g@goodreads.com,Genderqueer,181.62.188.226
234,Vivia,O'Concannon,voconcannon6h@ted.com,Genderqueer,198.229.85.215
235,Talia,Duffield,tduffield6i@multiply.com,Female,15.81.82.42
236,Cleopatra,Grizard,cgrizard6j@soundcloud.com,Male,91.125.184.149
237,Guilbert,Cajkler,gcajkler6k@google.com.hk,Polygender,167.64.210.238
238,Susanetta,Camilli,scamilli6l@wsj.com,Female,127.219.145.23
239,Agnella,Manson,amanson6m@unc.edu,Agender,239.144.209.169
240,Magdaia,Frickey,mfrickey6n@nifty.com,Bigender,236.99.137.127
241,Onfroi,Bean,obean6o@sciencedirect.com,Agender,217.173.178.28
242,Clem,Bryce,cbryce6p@gmpg.org,Non-binary,155.201.68.170
243,Myrna,Skough,mskough6q@myspace.com,Genderqueer,89.29.100.208
244,Yance,Stoile,ystoile6r@ucla.edu,Agender,89.251.97.94
245,Nate,Burgan,nburgan6s@blogger.com,Bigender,50.24.5.95
246,Else,Earengey,eearengey6t@jalbum.net,Polygender,15.195.57.41
247,Brennen,Milton,bmilton6u@pagesperso-orange.fr,Genderfluid,161.137.32.168
248,Martha,Dryden,mdryden6v@wix.com,Female,74.161.243.106
249,Brendan,Walklott,bwalklott6w@4shared.com,Genderqueer,102.254.148.102
250,Sib,Timms,stimms6x@google.es,Non-binary,247.3.111.230
251,Kent,Stockley,kstockley6y@google.com.hk,Genderfluid,45.128.100.187
252,Tiffany,Cherry,tcherry6z@canalblog.com,Polygender,216.131.250.27
253,Alverta,Fresson,afresson70@jugem.jp,Agender,167.86.203.138
254,Alfonso,Preene,apreene71@wired.com,Agender,29.191.43.34
255,Malva,Summersby,msummersby72@upenn.edu,Agender,175.198.157.210
256,Amandi,Camus,acamus73@elpais.com,Bigender,167.136.167.176
257,Hermione,Weinham,hweinham74@washington.edu,Bigender,237.163.227.96
258,Crosby,Riseam,criseam75@digg.com,Non-binary,212.247.138.120
259,Sylas,Syalvester,ssyalvester76@home.pl,Female,75.38.18.77
260,Kizzie,Tolmie,ktolmie77@slate.com,Agender,134.20.58.132
261,Netty,Morling,nmorling78@nifty.com,Genderfluid,238.238.54.91
262,Marena,Dodds,mdodds79@bandcamp.com,Genderfluid,24.28.90.4
263,Stace,Snawdon,ssnawdon7a@amazonaws.com,Non-binary,248.195.7.96
264,Vi,Sandry,vsandry7b@123-reg.co.uk,Agender,133.220.159.140
265,Cherin,Balcers,cbalcers7c@devhub.com,Genderfluid,117.161.26.229
266,Analise,Renne,arenne7d@usnews.com,Genderfluid,8.167.196.59
267,Roslyn,Dittson,rdittson7e@github.com,Bigender,143.66.237.166
268,Latrena,Joist,ljoist7f@home.pl,Female,7.89.210.243
269,Isac,Skarin,iskarin7g@mozilla.org,Non-binary,151.183.179.42
270,Kathe,Gulland,kgulland7h@telegraph.co.uk,Genderfluid,157.207.233.40
271,Kerr,Butting,kbutting7i@yelp.com,Female,76.4.168.223
272,Jedidiah,Adamsky,jadamsky7j@princeton.edu,Genderqueer,27.225.220.166
273,Janette,Carrel,jcarrel7k@google.com,Non-binary,192.182.60.47
274,Hailey,Handling,hhandling7l@google.pl,Non-binary,189.172.92.198
275,Bellanca,Patrick,bpatrick7m@yolasite.com,Polygender,168.166.101.27
276,Agosto,Summerskill,asummerskill7n@tripadvisor.com,Genderfluid,181.197.85.88
277,Gae,Fozzard,gfozzard7o@webs.com,Agender,194.18.76.102
278,Cordell,Spurgin,cspurgin7p@npr.org,Non-binary,230.32.20.120
279,Celinda,Swinden,cswinden7q@4shared.com,Male,185.48.51.159
280,Coraline,Pavlovic,cpavlovic7r@mayoclinic.com,Agender,153.130.159.54
281,Alfons,Tregoning,atregoning7s@wordpress.org,Female,200.138.115.212
282,Rand,Reye,rreye7t@twitpic.com,Bigender,210.114.51.215
283,Valera,Guerrieri,vguerrieri7u@tumblr.com,Polygender,88.11.5.185
284,Athene,Isaaksohn,aisaaksohn7v@gnu.org,Genderfluid,234.62.83.19
285,Saidee,Cliburn,scliburn7w@typepad.com,Agender,235.86.16.71
286,Zitella,Wheatland,zwheatland7x@blogger.com,Male,179.111.42.92
287,Merrielle,Siggs,msiggs7y@army.mil,Male,222.199.142.180
288,Ruby,McCurdy,rmccurdy7z@goo.ne.jp,Non-binary,32.242.60.234
289,Garvey,Sawer,gsawer80@mac.com,Genderfluid,7.150.29.171
290,Alix,Wanley,awanley81@technorati.com,Male,167.120.170.207
291,Salvador,Fancy,sfancy82@amazon.de,Genderqueer,91.184.228.53
292,Leann,Coda,lcoda83@zdnet.com,Genderfluid,99.96.77.117
293,Susi,Rentoul,srentoul84@indiegogo.com,Agender,87.250.218.169
294,Sharia,Cankett,scankett85@microsoft.com,Genderqueer,24.11.186.234
295,Lorilyn,Jerosch,ljerosch86@youtu.be,Polygender,174.121.36.165
296,Gallagher,Trodd,gtrodd87@printfriendly.com,Genderfluid,54.140.232.185
297,Adara,Abbes,aabbes88@youku.com,Female,17.59.184.93
298,Nissa,Cowin,ncowin89@naver.com,Female,25.125.10.29
299,Timofei,Royse,troyse8a@360.cn,Male,72.39.189.35
300,Joachim,Blakemore,jblakemore8b@blog.com,Male,136.45.193.55
301,Gram,Ronca,gronca8c@de.vu,Genderqueer,104.139.158.63
302,Berkie,Ulrik,bulrik8d@fotki.com,Bigender,144.205.163.180
303,Alvin,Teresi,ateresi8e@loc.gov,Polygender,250.0.105.115
304,Zebulen,Folshom,zfolshom8f@yahoo.co.jp,Non-binary,247.25.244.243
305,Bartholomeo,Stannas,bstannas8g@chicagotribune.com,Polygender,43.121.194.27
306,Wood,Dufer,wdufer8h@joomla.org,Bigender,165.228.213.74
307,Tristan,Huxham,thuxham8i@ycombinator.com,Polygender,155.9.215.241
308,Portia,Pleace,ppleace8j@indiatimes.com,Agender,13.214.58.206
309,Sharia,Simmonds,ssimmonds8k@tmall.com,Female,115.47.60.227
310,Ugo,Slowley,uslowley8l@phoca.cz,Agender,102.199.253.175
311,Chrissy,Catling,ccatling8m@discuz.net,Polygender,187.191.121.133
312,Courtney,Baughn,cbaughn8n@sohu.com,Female,193.118.240.10
313,Reube,Stanner,rstanner8o@biglobe.ne.jp,Genderfluid,200.236.162.24
314,Selena,Gregor,sgregor8p@cnbc.com,Agender,199.230.139.87
315,Ignazio,Gaymar,igaymar8q@mit.edu,Male,144.149.156.225
316,Gino,Truitt,gtruitt8r@dailymotion.com,Genderqueer,49.225.38.72
317,Amberly,Trythall,atrythall8s@miibeian.gov.cn,Polygender,189.59.157.216
318,Cristen,Skeech,cskeech8t@dailymotion.com,Genderqueer,139.38.33.92
319,Travers,Bartaloni,tbartaloni8u@sitemeter.com,Bigender,195.25.146.155
320,Mathilda,McIndoe,mmcindoe8v@bloglines.com,Genderfluid,201.187.56.66
321,Cody,Drummond,cdrummond8w@msu.edu,Bigender,135.35.170.181
322,Karoly,Crufts,kcrufts8x@mlb.com,Agender,3.215.170.144
323,Inigo,Shuttlewood,ishuttlewood8y@newsvine.com,Genderqueer,6.203.157.129
324,Reinold,Howley,rhowley8z@flavors.me,Agender,78.146.27.155
325,Krystyna,Guinane,kguinane90@washington.edu,Female,165.99.209.79
326,Elsey,Fido,efido91@economist.com,Non-binary,103.23.242.205
327,Salomone,Chesworth,schesworth92@dell.com,Female,230.88.61.33
328,Shauna,Bediss,sbediss93@mysql.com,Female,1.150.125.3
329,Ned,Lyle,nlyle94@sitemeter.com,Genderfluid,54.212.112.91
330,Cinnamon,Whitear,cwhitear95@g.co,Non-binary,242.152.166.239
331,Catherine,Buttwell,cbuttwell96@elpais.com,Agender,232.23.38.64
332,Christa,Arger,carger97@mail.ru,Polygender,141.228.108.77
333,Amalle,Pionter,apionter98@friendfeed.com,Bigender,164.255.58.5
334,Sidney,Boyford,sboyford99@admin.ch,Polygender,243.181.192.170
335,Jasmine,Hercules,jhercules9a@oaic.gov.au,Non-binary,160.158.253.247
336,Dorelia,Vodden,dvodden9b@howstuffworks.com,Genderfluid,82.228.80.92
337,Euell,Cauley,ecauley9c@intel.com,Agender,10.164.150.83
338,Bonny,Poundesford,bpoundesford9d@ocn.ne.jp,Male,107.248.74.28
339,Chickie,Mungan,cmungan9e@google.pl,Bigender,243.38.255.40
340,Christi,Shuttle,cshuttle9f@msu.edu,Female,71.99.99.99
341,Rivi,Inde,rinde9g@unblog.fr,Bigender,79.14.222.15
342,Fernando,Josskoviz,fjosskoviz9h@people.com.cn,Bigender,113.188.169.20
343,Vita,Freckelton,vfreckelton9i@cargocollective.com,Male,99.12.43.112
344,Anitra,Willans,awillans9j@oakley.com,Non-binary,151.119.58.53
345,Rhianon,Pinshon,rpinshon9k@xinhuanet.com,Polygender,112.104.181.30
346,Celka,Morley,cmorley9l@census.gov,Male,176.225.248.118
347,Lianne,Cavaney,lcavaney9m@gravatar.com,Genderfluid,188.190.97.209
348,Adolpho,Calcraft,acalcraft9n@bing.com,Genderqueer,255.144.196.59
349,Georgeanne,Leathes,gleathes9o@livejournal.com,Polygender,0.221.175.174
350,Leola,Jenne,ljenne9p@yellowpages.com,Agender,39.179.39.18
351,Jasmina,Ayce,jayce9q@google.com.hk,Polygender,38.133.255.157
352,Jan,Lown,jlown9r@163.com,Genderqueer,51.76.177.68
353,Haskel,Saffen,hsaffen9s@baidu.com,Agender,162.28.1.96
354,Elicia,Ranson,eranson9t@sakura.ne.jp,Agender,79.144.234.126
355,Loreen,McKibben,lmckibben9u@sogou.com,Polygender,196.159.211.240
356,Lesli,Daelman,ldaelman9v@lycos.com,Genderfluid,62.96.243.96
357,Marcellus,Dungay,mdungay9w@alibaba.com,Polygender,110.112.234.248
358,Artemas,Broughton,abroughton9x@hao123.com,Bigender,193.157.34.68
359,Ariela,Kester,akester9y@elpais.com,Female,77.30.40.144
360,Lynea,Stroulger,lstroulger9z@sciencedaily.com,Genderfluid,72.196.65.74
361,Wandie,Yorston,wyorstona0@com.com,Genderqueer,189.68.233.243
362,Aldis,Summerill,asummerilla1@pinterest.com,Agender,117.50.6.212
363,Eleanor,Robinette,erobinettea2@edublogs.org,Genderfluid,132.111.50.153
364,Herculie,Streater,hstreatera3@samsung.com,Female,224.241.157.146
365,Robinet,Ambroix,rambroixa4@netvibes.com,Bigender,161.216.8.184
366,Berti,Alcott,balcotta5@zdnet.com,Genderfluid,246.243.249.154
367,Ruy,Sancraft,rsancrafta6@netlog.com,Female,44.12.68.54
368,Em,Hunnawill,ehunnawilla7@uiuc.edu,Non-binary,73.117.141.209
369,Sisely,Gauntley,sgauntleya8@pagesperso-orange.fr,Agender,19.85.236.75
370,Donal,Beed,dbeeda9@berkeley.edu,Genderfluid,252.161.89.119
371,Letizia,Mainston,lmainstonaa@un.org,Non-binary,139.106.6.14
372,Mattias,Stivens,mstivensab@ezinearticles.com,Genderfluid,216.7.193.77
373,Erie,Dyka,edykaac@ihg.com,Female,187.171.187.74
374,Carver,Baber,cbaberad@globo.com,Genderqueer,33.182.89.117
375,Ettore,Faustin,efaustinae@psu.edu,Female,169.34.82.155
376,Malissia,MacKonochie,mmackonochieaf@dyndns.org,Agender,32.28.123.200
377,Aliza,Levey,aleveyag@theglobeandmail.com,Non-binary,133.238.97.143
378,Fair,McKim,fmckimah@illinois.edu,Genderqueer,83.254.31.5
379,Gillian,Ruckledge,gruckledgeai@tripadvisor.com,Genderfluid,43.176.35.102
380,Gilli,Forestel,gforestelaj@bloglines.com,Bigender,27.176.77.28
381,Bryana,Peltzer,bpeltzerak@wikipedia.org,Genderqueer,104.1.234.4
382,Amberly,Beat,abeatal@de.vu,Genderqueer,81.188.198.10
383,Evy,Luchetti,eluchettiam@sfgate.com,Genderfluid,225.225.186.52
384,Emelen,Pochin,epochinan@bloomberg.com,Polygender,69.164.64.123
385,Dirk,Coe,dcoeao@europa.eu,Agender,25.61.247.18
386,Francklyn,Weir,fweirap@weibo.com,Agender,228.64.206.233
387,Haley,Rowntree,hrowntreeaq@cnbc.com,Genderfluid,195.143.24.10
388,Ursa,Gelardi,ugelardiar@chronoengine.com,Bigender,200.26.13.14
389,Farand,MacFadyen,fmacfadyenas@topsy.com,Non-binary,42.75.0.9
390,Serge,Bengough,sbengoughat@icq.com,Female,61.66.236.69
391,Linda,Renfrew,lrenfrewau@intel.com,Female,142.156.187.240
392,Charlene,Dukelow,cdukelowav@etsy.com,Bigender,17.134.185.107
393,Ritchie,Barraclough,rbarracloughaw@a8.net,Polygender,112.22.86.255
394,Boy,Jilkes,bjilkesax@ebay.co.uk,Non-binary,130.14.117.69
395,Gisele,Spear,gspearay@cloudflare.com,Polygender,209.109.245.148
396,Giuditta,Senescall,gsenescallaz@un.org,Female,118.153.80.73
397,Gustav,Truckett,gtruckettb0@woothemes.com,Agender,66.153.78.229
398,Willi,Duding,wdudingb1@histats.com,Polygender,69.35.228.230
399,Evan,Blemings,eblemingsb2@phpbb.com,Bigender,88.34.169.183
400,Margarete,Tildesley,mtildesleyb3@fda.gov,Bigender,144.28.111.113
401,Pascal,Kalkofen,pkalkofenb4@independent.co.uk,Non-binary,9.116.117.71
402,Farleigh,Woolham,fwoolhamb5@vistaprint.com,Female,195.217.226.136
403,Kristoffer,Rykert,krykertb6@google.pl,Polygender,167.71.147.154
404,Smitty,Berrey,sberreyb7@cnn.com,Male,123.175.174.63
405,Adham,Reame,areameb8@java.com,Genderfluid,24.121.55.174
406,Cchaddie,Speechly,cspeechlyb9@tmall.com,Agender,2.73.228.79
407,Grata,Dot,gdotba@hugedomains.com,Genderfluid,177.233.224.230
408,Brier,Brightwell,bbrightwellbb@wufoo.com,Female,46.168.41.125
409,Carleen,Prendeguest,cprendeguestbc@bravesites.com,Genderfluid,91.187.244.223
410,Fernando,Lebarree,flebarreebd@omniture.com,Agender,118.144.44.238
411,Marcela,Cliffe,mcliffebe@theglobeandmail.com,Genderfluid,191.60.113.57
412,Cooper,Gerson,cgersonbf@cafepress.com,Polygender,11.230.122.198
413,Roosevelt,Orring,rorringbg@reference.com,Genderqueer,95.110.79.26
414,Drake,Mulderrig,dmulderrigbh@google.com.br,Polygender,142.88.236.90
415,Wade,Dunniom,wdunniombi@prlog.org,Female,117.190.167.239
416,Osbert,Basso,obassobj@sfgate.com,Genderqueer,62.231.72.228
417,Georgiana,Matejic,gmatejicbk@tripod.com,Male,190.190.152.115
418,Fielding,Aherne,fahernebl@ameblo.jp,Agender,226.111.251.46
419,Yvonne,Gresham,ygreshambm@elpais.com,Non-binary,194.7.137.137
420,Angelika,Starrs,astarrsbn@comcast.net,Polygender,255.6.15.149
421,Christa,Pendlenton,cpendlentonbo@i2i.jp,Agender,152.75.100.80
422,Rudie,Kleinplatz,rkleinplatzbp@rambler.ru,Male,133.243.195.8
423,Isaiah,Gilbeart,igilbeartbq@cargocollective.com,Genderfluid,144.62.101.104
424,Milzie,Cattel,mcattelbr@webmd.com,Female,105.66.191.8
425,Alessandro,Christie,achristiebs@reuters.com,Polygender,189.236.64.189
426,Arlen,Kettlesing,akettlesingbt@mlb.com,Agender,166.133.3.106
427,Heda,Gerritzen,hgerritzenbu@apple.com,Agender,48.192.206.108
428,Killian,Marl,kmarlbv@mapquest.com,Female,146.23.244.18
429,Blaine,Bradder,bbradderbw@ebay.co.uk,Genderqueer,61.120.187.70
430,Amelina,Bass,abassbx@apple.com,Genderfluid,241.47.180.254
431,Michale,Hurdle,mhurdleby@sciencedirect.com,Male,206.234.217.35
432,Florinda,Stonard,fstonardbz@cyberchimps.com,Male,117.86.11.205
433,Arvin,Pavelin,apavelinc0@sphinn.com,Male,60.85.229.226
434,Anna-maria,Sabey,asabeyc1@theglobeandmail.com,Female,123.27.122.136
435,Taylor,Rickert,trickertc2@google.nl,Non-binary,99.39.160.91
436,Tanner,Phelan,tphelanc3@google.com,Male,63.206.222.138
437,Monte,Russi,mrussic4@webeden.co.uk,Agender,51.205.174.222
438,Idell,Butrimovich,ibutrimovichc5@answers.com,Female,136.142.126.208
439,Maressa,Sawden,msawdenc6@acquirethisname.com,Non-binary,144.214.113.131
440,Curran,Mowling,cmowlingc7@google.com.hk,Bigender,175.75.134.127
441,Agace,Ivasechko,aivasechkoc8@wired.com,Bigender,221.145.79.70
442,Annora,Tarbatt,atarbattc9@craigslist.org,Genderqueer,238.182.127.101
443,Harmony,Clingan,hclinganca@freewebs.com,Female,22.72.47.58
444,Cleo,Dimont,cdimontcb@slideshare.net,Genderqueer,232.209.142.74
445,Roldan,Rickerd,rrickerdcc@e-recht24.de,Female,230.23.152.16
446,Humphrey,MacCollom,hmaccollomcd@nps.gov,Male,132.50.147.9
447,Nicolai,Stephen,nstephence@illinois.edu,Female,118.181.226.70
448,Gelya,Verner,gvernercf@flavors.me,Polygender,72.172.25.193
449,Mab,Poff,mpoffcg@who.int,Bigender,132.134.84.129
450,Sonia,Tiesman,stiesmanch@google.es,Genderfluid,65.29.58.91
451,Rosalind,Wolver,rwolverci@moonfruit.com,Genderfluid,118.83.207.148
452,Katinka,Morrall,kmorrallcj@mayoclinic.com,Female,171.227.245.95
453,Gael,Mathelin,gmathelinck@un.org,Genderfluid,155.64.1.238
454,Bonni,Haton,bhatoncl@sogou.com,Agender,145.135.89.9
455,Gladys,Brellin,gbrellincm@businesswire.com,Agender,125.114.104.140
456,Meridith,Cutforth,mcutforthcn@com.com,Non-binary,143.43.40.103
457,Tadd,Perton,tpertonco@tamu.edu,Agender,1.232.105.97
458,Carolann,Fillary,cfillarycp@cnn.com,Bigender,150.251.193.192
459,Faber,Moysey,fmoyseycq@reddit.com,Female,158.16.51.158
460,Saxon,Madine,smadinecr@google.de,Agender,232.23.176.78
461,Peirce,Laying,playingcs@ucsd.edu,Bigender,129.63.91.153
462,Caty,Keattch,ckeattchct@tripadvisor.com,Genderfluid,1.74.195.216
463,Sayer,Allum,sallumcu@mozilla.com,Genderqueer,68.233.100.164
464,Bethina,Antoniutti,bantoniutticv@kickstarter.com,Male,234.8.118.215
465,Isa,Warmington,iwarmingtoncw@about.com,Female,57.236.31.220
466,Reine,Izakson,rizaksoncx@samsung.com,Genderqueer,55.100.221.73
467,Rickey,Causier,rcausiercy@spotify.com,Bigender,236.188.9.54
468,Vivi,Guillart,vguillartcz@cnn.com,Bigender,46.143.0.4
469,Raddy,Spurrier,rspurrierd0@wufoo.com,Genderqueer,178.151.88.142
470,Jesus,Mc Ilwrick,jmcilwrickd1@cnn.com,Genderqueer,193.254.59.31
471,Nevins,Smithin,nsmithind2@discovery.com,Non-binary,99.242.15.94
472,Glen,Luten,glutend3@indiegogo.com,Genderqueer,236.82.155.65
473,Elly,Van Halen,evanhalend4@amazon.com,Agender,173.148.64.105
474,Cassius,Bonaire,cbonaired5@dell.com,Genderfluid,1.32.255.100
475,Honor,Oiller,hoillerd6@pinterest.com,Polygender,223.15.159.175
476,Corrinne,Sowten,csowtend7@hao123.com,Genderfluid,17.197.70.7
477,Elias,O'Nolan,eonoland8@bandcamp.com,Bigender,79.47.46.145
478,Maison,Winsome,mwinsomed9@ca.gov,Male,39.208.168.3
479,Gray,Wiltsher,gwiltsherda@etsy.com,Male,7.249.39.104
480,Thibaud,Pardie,tpardiedb@dailymail.co.uk,Non-binary,42.95.193.93
481,Torin,Feathersby,tfeathersbydc@mit.edu,Polygender,245.63.115.242
482,Corinne,McLuckie,cmcluckiedd@blogspot.com,Genderqueer,32.32.215.165
483,Danella,Somerset,dsomersetde@engadget.com,Male,177.247.56.48
484,Munmro,Loddy,mloddydf@bigcartel.com,Bigender,199.106.195.80
485,Algernon,Toffler,atofflerdg@devhub.com,Genderqueer,236.83.87.155
486,Pincas,Jouaneton,pjouanetondh@lulu.com,Female,97.166.213.6
487,Aloysius,Camis,acamisdi@multiply.com,Female,80.240.63.7
488,Connie,Klimentov,cklimentovdj@163.com,Agender,82.71.233.149
489,Thane,Emsley,temsleydk@ustream.tv,Non-binary,101.27.135.252
490,Cinda,Potier,cpotierdl@utexas.edu,Male,225.139.81.8
491,Batsheva,Woollacott,bwoollacottdm@globo.com,Bigender,92.29.159.252
492,Kylynn,Owlner,kowlnerdn@bizjournals.com,Female,119.180.25.151
493,Elnore,Broggio,ebroggiodo@bizjournals.com,Agender,235.18.28.94
494,Pooh,Rapley,prapleydp@icq.com,Polygender,204.75.213.197
495,Jaime,Warry,jwarrydq@tmall.com,Genderfluid,37.71.126.152
496,Wallache,Fuke,wfukedr@shop-pro.jp,Male,153.21.17.235
497,Lorne,Lanphier,llanphierds@is.gd,Bigender,231.221.232.84
498,Brad,Duncklee,bdunckleedt@networkadvertising.org,Genderqueer,48.133.137.181
499,Angelita,Sturror,asturrordu@acquirethisname.com,Male,151.169.63.50
500,Pris,Iacobini,piacobinidv@desdev.cn,Polygender,96.13.80.204
501,Stacie,Kalinsky,skalinskydw@twitpic.com,Genderqueer,26.206.229.119
502,Nicko,Style,nstyledx@microsoft.com,Female,47.172.51.51
503,Shurlocke,Poor,spoordy@boston.com,Genderqueer,5.124.219.155
504,Jeri,Kubista,jkubistadz@npr.org,Polygender,251.233.62.14
505,Rudiger,Knewstubb,rknewstubbe0@uol.com.br,Female,86.229.78.68
506,Nananne,Mountcastle,nmountcastlee1@addthis.com,Bigender,63.96.140.235
507,Yancey,Silliman,ysillimane2@yahoo.com,Genderfluid,207.217.194.169
508,Lonee,Golagley,lgolagleye3@artisteer.com,Polygender,73.118.155.123
509,Teena,Fearon,tfearone4@dell.com,Polygender,10.26.69.220
510,Dasie,Budik,dbudike5@pcworld.com,Male,197.245.236.230
511,Fons,Ruff,fruffe6@mapquest.com,Female,28.92.240.15
512,Lynette,McAteer,lmcateere7@europa.eu,Female,59.11.70.218
513,Linnet,Cullrford,lcullrforde8@unc.edu,Female,178.204.135.238
514,Clarey,Zambonini,czamboninie9@ask.com,Genderqueer,6.223.225.160
515,Fleurette,Drew,fdrewea@walmart.com,Genderqueer,135.30.227.14
516,Ogdan,Overall,ooveralleb@geocities.com,Genderfluid,96.5.241.0
517,Sheelah,McQuorkell,smcquorkellec@hexun.com,Female,17.184.51.48
518,Starla,Henriet,shenrieted@cargocollective.com,Polygender,240.90.66.180
519,Minerva,Bartomeu,mbartomeuee@ucla.edu,Female,138.229.227.227
520,Leilah,Bernlin,lbernlinef@cisco.com,Genderqueer,84.5.210.66
521,Annabella,Trenoweth,atrenowetheg@google.cn,Male,93.97.153.94
522,Thorpe,Lorenc,tlorenceh@intel.com,Agender,212.249.182.7
523,Siouxie,Rockell,srockellei@vistaprint.com,Non-binary,168.174.184.195
524,Ricard,Dell Casa,rdellcasaej@netlog.com,Male,93.136.153.210
525,Hortensia,Caveill,hcaveillek@com.com,Agender,252.106.147.135
526,Rowney,Whymark,rwhymarkel@archive.org,Genderqueer,15.30.143.244
527,Kimmi,Boulger,kboulgerem@nydailynews.com,Non-binary,19.17.169.56
528,Delinda,Phoebe,dphoebeen@issuu.com,Agender,8.217.61.235
529,Dicky,Axelbee,daxelbeeeo@tmall.com,Agender,20.244.164.104
530,Ulrich,Chicotti,uchicottiep@squarespace.com,Genderqueer,187.199.139.89
531,Elsbeth,Deniso,edenisoeq@mapy.cz,Male,111.97.209.89
532,Eirena,Spellman,espellmaner@wunderground.com,Polygender,224.211.80.63
533,Valentina,Vise,vvisees@ftc.gov,Genderqueer,141.204.2.54
534,Amber,Brauninger,abrauningeret@mlb.com,Bigender,175.178.79.50
535,Kippie,Yoell,kyoelleu@privacy.gov.au,Genderfluid,224.73.207.161
536,Thebault,Hardson,thardsonev@cpanel.net,Genderqueer,223.38.195.132
537,Cristian,Zukerman,czukermanew@buzzfeed.com,Male,70.35.193.247
538,Emelita,Tomaselli,etomaselliex@toplist.cz,Agender,50.15.210.116
539,Abbot,Gaythor,agaythorey@freewebs.com,Non-binary,107.167.165.235
540,Inga,Slewcock,islewcockez@ezinearticles.com,Agender,219.128.153.217
541,Nathanial,Rameau,nrameauf0@ow.ly,Genderfluid,220.33.203.53
542,Candida,Tellwright,ctellwrightf1@yelp.com,Male,193.130.163.233
543,Lian,McChruiter,lmcchruiterf2@bigcartel.com,Genderfluid,169.18.100.247
544,Charis,Murfill,cmurfillf3@comsenz.com,Polygender,40.76.54.99
545,Alisa,Pigden,apigdenf4@mediafire.com,Polygender,215.169.40.198
546,Tarra,Fice,tficef5@npr.org,Genderqueer,125.214.255.169
547,Dolores,Cluff,dclufff6@wiley.com,Female,46.208.168.179
548,Row,McMeeking,rmcmeekingf7@kickstarter.com,Genderqueer,4.155.65.49
549,Marianna,Boulter,mboulterf8@multiply.com,Non-binary,40.143.133.116
550,Valenka,MacCarroll,vmaccarrollf9@nyu.edu,Agender,210.18.122.26
551,Glennie,Camlin,gcamlinfa@sitemeter.com,Non-binary,224.152.255.120
552,Gwen,Griffitt,ggriffittfb@senate.gov,Bigender,62.106.150.243
553,Silva,Addekin,saddekinfc@npr.org,Non-binary,86.223.94.171
554,Hailey,Ferens,hferensfd@nih.gov,Male,201.168.145.46
555,Robin,Newens,rnewensfe@is.gd,Genderqueer,206.62.15.241
556,Hedy,Rowly,hrowlyff@cpanel.net,Female,171.96.38.105
557,Mercedes,Upham,muphamfg@intel.com,Polygender,158.59.118.112
558,Fowler,Hargrove,fhargrovefh@geocities.com,Female,99.51.179.169
559,Arliene,Vivyan,avivyanfi@barnesandnoble.com,Bigender,112.45.77.184
560,Huey,Giller,hgillerfj@desdev.cn,Non-binary,26.87.74.199
561,Valentia,Galland,vgallandfk@berkeley.edu,Genderqueer,25.13.98.87
562,Anstice,Pechacek,apechacekfl@github.com,Male,47.25.217.212
563,Lucila,Rallings,lrallingsfm@ucla.edu,Agender,181.82.79.248
564,Nan,Nowell,nnowellfn@state.gov,Non-binary,140.255.169.32
565,Lynnell,Canero,lcanerofo@wikispaces.com,Polygender,217.227.94.103
566,Zacharie,Yeskin,zyeskinfp@t-online.de,Non-binary,2.89.200.135
567,Cyb,Ludmann,cludmannfq@yelp.com,Polygender,164.105.65.153
568,Wallie,Eglington,weglingtonfr@vistaprint.com,Male,123.145.2.92
569,Burtie,Cohan,bcohanfs@squarespace.com,Polygender,201.20.81.57
570,Orelia,Panichelli,opanichellift@webnode.com,Female,9.207.140.244
571,Mirelle,Mougeot,mmougeotfu@sun.com,Polygender,235.155.73.92
572,Noelani,Fritschmann,nfritschmannfv@zimbio.com,Agender,76.209.115.104
573,Lanita,O'Reilly,loreillyfw@ifeng.com,Genderfluid,216.241.215.49
574,Rosabelle,Melding,rmeldingfx@comcast.net,Polygender,76.170.30.25
575,Nerissa,Sharplin,nsharplinfy@hostgator.com,Bigender,99.73.103.234
576,Ray,Medendorp,rmedendorpfz@ocn.ne.jp,Genderqueer,55.81.125.167
577,Sharity,Dwelly,sdwellyg0@histats.com,Female,89.5.6.132
578,Myca,Ruggier,mruggierg1@nih.gov,Agender,137.158.231.130
579,Kermie,Krauze,kkrauzeg2@dion.ne.jp,Polygender,190.34.42.149
580,Garret,Spark,gsparkg3@mediafire.com,Non-binary,110.125.161.167
581,Sawyere,MacLaig,smaclaigg4@over-blog.com,Bigender,187.32.182.223
582,Loren,Kirgan,lkirgang5@dailymotion.com,Female,210.90.243.166
583,Terry,Extall,textallg6@bluehost.com,Male,27.96.58.245
584,Bil,Matthensen,bmatthenseng7@noaa.gov,Non-binary,173.221.121.137
585,Ari,Kleeman,akleemang8@digg.com,Polygender,72.177.59.203
586,Fields,Blackboro,fblackborog9@bloglovin.com,Non-binary,230.23.72.208
587,Joane,Blandamere,jblandamerega@marriott.com,Male,106.223.14.32
588,Dun,Fores,dforesgb@xrea.com,Genderfluid,176.166.149.69
589,Devin,Poe,dpoegc@google.ca,Genderfluid,19.87.160.94
590,Karel,Wallicker,kwallickergd@dailymotion.com,Male,187.233.226.12
591,Arnuad,Trunks,atrunksge@bbb.org,Female,155.137.68.114
592,Corliss,Brundill,cbrundillgf@hostgator.com,Genderfluid,225.11.184.125
593,Reinhard,Hemstead,rhemsteadgg@hexun.com,Genderqueer,50.56.19.209
594,Anson,Matthis,amatthisgh@sourceforge.net,Bigender,165.2.166.41
595,Dimitri,Gelletly,dgelletlygi@accuweather.com,Agender,35.118.183.92
596,Silvanus,Meriott,smeriottgj@addthis.com,Genderfluid,44.95.36.9
597,Tina,McElvogue,tmcelvoguegk@sina.com.cn,Female,58.172.130.236
598,Cammi,Estick,cestickgl@etsy.com,Non-binary,69.68.92.22
599,Christopher,Wessel,cwesselgm@amazon.com,Female,125.154.9.22
600,Shawn,Mellings,smellingsgn@cnn.com,Bigender,27.208.69.132
601,Geordie,Joisce,gjoiscego@uol.com.br,Non-binary,218.15.238.164
602,Corette,Brimilcombe,cbrimilcombegp@twitpic.com,Female,1.172.212.85
603,Roxy,Tabourier,rtabouriergq@fema.gov,Non-binary,55.9.10.144
604,Maddi,Grimmolby,mgrimmolbygr@ehow.com,Male,184.191.230.220
605,Mignon,Sabathier,msabathiergs@oakley.com,Bigender,170.2.118.226
606,Jessi,Chasemore,jchasemoregt@tmall.com,Female,242.140.9.194
607,Morly,MacAllen,mmacallengu@mashable.com,Non-binary,62.173.229.44
608,Dunc,Crumpe,dcrumpegv@arizona.edu,Genderqueer,111.164.60.53
609,Esma,Vala,evalagw@weebly.com,Female,22.118.4.21
610,Gnni,Hince,ghincegx@state.gov,Polygender,224.218.194.165
611,Even,Lampet,elampetgy@yellowpages.com,Genderqueer,227.136.5.164
612,Kenyon,Beaford,kbeafordgz@1688.com,Non-binary,51.113.161.217
613,Lenette,Jenne,ljenneh0@vimeo.com,Non-binary,55.204.138.143
614,Suzi,Gaule,sgauleh1@cafepress.com,Genderfluid,153.44.29.170
615,Karol,Antognelli,kantognellih2@mail.ru,Male,128.24.80.152
616,Rowan,Glandfield,rglandfieldh3@dropbox.com,Agender,149.152.150.143
617,Julissa,Trevers,jtreversh4@webeden.co.uk,Non-binary,48.250.209.190
618,Betta,Toor,btoorh5@alibaba.com,Agender,209.52.186.125
619,Reed,Jolland,rjollandh6@google.ca,Non-binary,249.128.207.46
620,Keene,Searl,ksearlh7@omniture.com,Genderfluid,14.195.6.193
621,Roderich,Flockhart,rflockharth8@networksolutions.com,Non-binary,89.110.185.97
622,Rochella,Prevost,rprevosth9@latimes.com,Polygender,244.253.35.118
623,Laurice,Currao,lcurraoha@example.com,Polygender,177.44.168.172
624,Faythe,Bowton,fbowtonhb@addtoany.com,Genderfluid,151.86.40.22
625,Haleigh,Ixor,hixorhc@discovery.com,Bigender,102.35.205.242
626,Ronnie,Piele,rpielehd@dagondesign.com,Male,219.238.21.240
627,Berton,Blaksland,bblakslandhe@webmd.com,Male,77.188.194.196
628,Wilbert,Gadsden,wgadsdenhf@diigo.com,Bigender,193.43.240.207
629,Cara,Pesselt,cpesselthg@devhub.com,Genderqueer,137.133.114.179
630,Antin,Crossthwaite,acrossthwaitehh@google.pl,Genderfluid,122.195.227.9
631,Ruttger,Bewsy,rbewsyhi@networkadvertising.org,Genderqueer,229.182.168.173
632,Aymer,Firks,afirkshj@gizmodo.com,Agender,56.185.36.227
633,Kippy,Cowell,kcowellhk@scribd.com,Non-binary,82.143.149.239
634,Beltran,Vassel,bvasselhl@epa.gov,Non-binary,163.236.106.146
635,Allin,Chansonnau,achansonnauhm@booking.com,Female,161.104.111.97
636,Cullin,Collaton,ccollatonhn@addthis.com,Bigender,1.63.207.208
637,Morgana,Cotelard,mcotelardho@163.com,Genderfluid,181.183.242.169
638,Connie,Tredgold,ctredgoldhp@printfriendly.com,Male,28.75.210.99
639,Vin,Castiglione,vcastiglionehq@wix.com,Genderqueer,134.34.181.97
640,Faber,Ekkel,fekkelhr@npr.org,Female,132.140.100.54
641,Janos,Doward,jdowardhs@cam.ac.uk,Genderqueer,163.246.143.231
642,Frieda,Fazakerley,ffazakerleyht@prweb.com,Genderqueer,144.107.157.61
643,Alleyn,Spottswood,aspottswoodhu@europa.eu,Non-binary,157.146.100.20
644,Marianna,Brock,mbrockhv@qq.com,Female,253.11.181.192
645,Viole,Hodgin,vhodginhw@opera.com,Polygender,186.82.67.150
646,Lilias,Barriball,lbarriballhx@baidu.com,Female,10.40.207.96
647,Dacy,Painswick,dpainswickhy@prlog.org,Female,103.81.124.57
648,Myrah,Barnwall,mbarnwallhz@cafepress.com,Male,82.198.199.32
649,Tobias,Chiene,tchienei0@blinklist.com,Agender,82.134.225.239
650,Mehetabel,Alforde,malfordei1@census.gov,Polygender,211.241.34.125
651,Shawna,Nuss,snussi2@scribd.com,Male,16.217.236.133
652,Judi,Bein,jbeini3@sourceforge.net,Bigender,235.175.132.65
653,Brigit,Yarnell,byarnelli4@tripadvisor.com,Male,97.152.183.167
654,Aurelie,Robben,arobbeni5@mac.com,Polygender,191.14.215.20
655,Barn,Hubble,bhubblei6@opensource.org,Male,117.167.139.184
656,Jacinda,Peye,jpeyei7@shareasale.com,Agender,59.44.185.228
657,Hastings,Dudny,hdudnyi8@squidoo.com,Bigender,183.106.73.135
658,Harv,Brosoli,hbrosolii9@bloomberg.com,Agender,15.187.5.40
659,Hermina,Miguel,hmiguelia@bbb.org,Polygender,191.248.250.36
660,Sonia,Pleven,splevenib@behance.net,Genderqueer,168.109.208.214
661,Kalli,Gimenez,kgimenezic@bloomberg.com,Genderqueer,229.43.141.38
662,Rubina,Whelpdale,rwhelpdaleid@instagram.com,Bigender,163.105.208.89
663,Mose,Ringwood,mringwoodie@redcross.org,Male,128.56.120.174
664,Lisle,Carlan,lcarlanif@time.com,Non-binary,124.77.240.190
665,Trish,Batchelar,tbatchelarig@youtube.com,Genderfluid,168.227.20.251
666,Eydie,Spall,espallih@jugem.jp,Bigender,53.60.110.45
667,Beatrisa,Donnison,bdonnisonii@creativecommons.org,Non-binary,236.229.160.156
668,Artemas,Gillitt,agillittij@skype.com,Polygender,110.253.115.40
669,Thom,Clevely,tclevelyik@wunderground.com,Female,6.250.155.247
670,Salli,Linnett,slinnettil@twitter.com,Bigender,207.94.183.207
671,Aridatha,Dayes,adayesim@narod.ru,Genderfluid,145.190.230.72
672,Kelci,Stigers,kstigersin@multiply.com,Non-binary,20.209.171.248
673,Darren,Oakeshott,doakeshottio@simplemachines.org,Male,26.21.180.151
674,Melvyn,Clausner,mclausnerip@taobao.com,Non-binary,67.250.228.53
675,Dare,Irvine,dirvineiq@github.com,Non-binary,61.117.63.139
676,Tessie,Woodroffe,twoodroffeir@bloglines.com,Bigender,104.108.48.211
677,Violette,Hackett,vhackettis@miitbeian.gov.cn,Non-binary,19.137.108.71
678,Cora,Moorman,cmoormanit@admin.ch,Agender,96.114.196.191
679,Gussy,Lecky,gleckyiu@mtv.com,Polygender,38.158.130.181
680,Packston,Tisor,ptisoriv@diigo.com,Genderqueer,97.63.187.0
681,Stepha,Letcher,sletcheriw@opera.com,Male,221.209.75.231
682,Calida,Duchant,cduchantix@vimeo.com,Agender,99.72.250.14
683,Halsy,Fyfe,hfyfeiy@nyu.edu,Male,194.147.33.205
684,Mariam,Bodle,mbodleiz@cornell.edu,Agender,26.177.234.49
685,Vallie,Trevallion,vtrevallionj0@google.pl,Polygender,175.221.204.39
686,Cissiee,Kopfer,ckopferj1@networksolutions.com,Male,35.241.143.133
687,Josey,Kunzel,jkunzelj2@elegantthemes.com,Agender,67.4.166.144
688,Georgi,Stilgoe,gstilgoej3@cbsnews.com,Polygender,93.252.105.69
689,Elihu,Yakubov,eyakubovj4@unicef.org,Female,238.222.226.237
690,Culver,McMenemy,cmcmenemyj5@cbsnews.com,Genderqueer,158.75.243.50
691,Rusty,Merrigans,rmerrigansj6@skyrock.com,Male,97.117.194.124
692,Kacey,Norway,knorwayj7@trellian.com,Polygender,247.117.178.225
693,Matthew,Carmen,mcarmenj8@jugem.jp,Genderqueer,119.231.39.156
694,Wilone,Crean,wcreanj9@shareasale.com,Non-binary,205.153.75.11
695,Upton,McCourt,umccourtja@nyu.edu,Agender,171.92.32.240
696,Gaynor,Killcross,gkillcrossjb@tuttocitta.it,Genderqueer,85.211.32.202
697,Donella,Seers,dseersjc@cmu.edu,Genderfluid,209.230.43.54
698,Elsa,Bradfield,ebradfieldjd@forbes.com,Polygender,101.207.78.79
699,Jacky,Lucius,jluciusje@imdb.com,Genderqueer,244.207.91.108
700,Sherrie,Truss,strussjf@google.cn,Polygender,170.48.103.97
701,Jolie,Heyburn,jheyburnjg@pagesperso-orange.fr,Polygender,207.50.61.128
702,Helena,Blazejewski,hblazejewskijh@topsy.com,Polygender,182.44.252.23
703,Beverly,Trace,btraceji@hatena.ne.jp,Male,0.243.79.109
704,Robinia,Breznovic,rbreznovicjj@nationalgeographic.com,Agender,159.138.137.209
705,Elias,Lentsch,elentschjk@nsw.gov.au,Male,216.57.91.93
706,Elliot,Cunnane,ecunnanejl@goo.ne.jp,Genderfluid,205.110.140.189
707,Cody,Targett,ctargettjm@hugedomains.com,Polygender,153.211.37.99
708,Lucio,Robertucci,lrobertuccijn@technorati.com,Polygender,204.6.10.116
709,Arnaldo,Montel,amonteljo@chronoengine.com,Genderfluid,161.27.131.149
710,Shirlene,Pitceathly,spitceathlyjp@miibeian.gov.cn,Male,85.237.201.189
711,Jordana,Symondson,jsymondsonjq@angelfire.com,Male,91.29.27.229
712,Raynard,Rogeon,rrogeonjr@bloomberg.com,Bigender,136.118.218.164
713,Rayshell,Picken,rpickenjs@home.pl,Male,235.248.133.212
714,Desi,Baldung,dbaldungjt@wikimedia.org,Agender,128.124.213.1
715,Rancell,Blose,rbloseju@dailymotion.com,Bigender,51.86.101.37
716,Magnum,Tattoo,mtattoojv@prnewswire.com,Polygender,215.0.1.41
717,Zsa zsa,Kester,zkesterjw@sfgate.com,Bigender,70.9.148.123
718,Georgi,Semon,gsemonjx@discuz.net,Genderfluid,210.41.161.3
719,Diannne,Swindle,dswindlejy@stanford.edu,Male,130.83.183.180
720,Kay,Sharram,ksharramjz@amazon.de,Agender,13.234.94.59
721,Daron,Fryer,dfryerk0@gravatar.com,Bigender,190.101.58.188
722,Angil,Eminson,aeminsonk1@soup.io,Genderfluid,114.164.72.174
723,Edi,Gamil,egamilk2@digg.com,Genderqueer,105.38.41.12
724,Eamon,Llopis,ellopisk3@reverbnation.com,Agender,183.176.217.212
725,Elicia,Gledhall,egledhallk4@soup.io,Non-binary,135.202.201.176
726,Adamo,Pelfer,apelferk5@vimeo.com,Bigender,44.182.242.82
727,Madonna,Cattini,mcattinik6@livejournal.com,Genderqueer,115.25.179.134
728,Egor,Greggs,egreggsk7@toplist.cz,Non-binary,90.5.210.9
729,Ty,Glandfield,tglandfieldk8@archive.org,Male,10.137.45.250
730,Becky,Whyte,bwhytek9@google.cn,Male,121.43.22.180
731,Vidovic,Chick,vchickka@amazon.com,Bigender,235.207.127.101
732,Averyl,Farnill,afarnillkb@360.cn,Female,219.188.109.167
733,Kinsley,Osipenko,kosipenkokc@time.com,Non-binary,161.45.16.228
734,Fayre,Poluzzi,fpoluzzikd@psu.edu,Polygender,8.201.202.84
735,Thibaud,Willard,twillardke@studiopress.com,Genderfluid,148.197.172.177
736,Brandy,Breckenridge,bbreckenridgekf@accuweather.com,Genderfluid,158.224.46.194
737,Sonia,Base,sbasekg@lycos.com,Polygender,99.89.102.229
738,Allister,Hullot,ahullotkh@engadget.com,Agender,51.65.230.170
739,Bren,Iskowicz,biskowiczki@jugem.jp,Polygender,70.27.18.245
740,Trenna,Hughes,thugheskj@google.com.au,Genderfluid,222.54.33.122
741,Salem,Redley,sredleykk@tripod.com,Male,6.238.242.37
742,Kip,Pervew,kpervewkl@t.co,Bigender,207.193.242.138
743,Evelyn,Roswarne,eroswarnekm@google.pl,Polygender,125.204.88.80
744,Gerhardt,Sallery,gsallerykn@va.gov,Female,78.143.198.226
745,Sianna,Retallick,sretallickko@army.mil,Agender,204.115.126.148
746,Julie,Stentiford,jstentifordkp@seesaa.net,Polygender,204.71.2.66
747,Lenard,Megroff,lmegroffkq@hugedomains.com,Bigender,84.176.220.246
748,Cora,Beller,cbellerkr@cnet.com,Non-binary,144.9.238.28
749,Dill,Fryman,dfrymanks@yahoo.co.jp,Agender,146.57.95.174
750,Emlyn,Danhel,edanhelkt@over-blog.com,Agender,210.124.209.249
751,Nancey,Dayborne,ndayborneku@dot.gov,Polygender,5.153.238.192
752,Vittorio,Karadzas,vkaradzaskv@devhub.com,Non-binary,169.72.244.105
753,Ced,Clacson,cclacsonkw@un.org,Genderfluid,55.70.210.61
754,Corrie,Lawrenz,clawrenzkx@creativecommons.org,Non-binary,104.25.139.88
755,Scottie,Fullard,sfullardky@nymag.com,Genderfluid,85.5.68.37
756,Bale,Bromehed,bbromehedkz@themeforest.net,Bigender,27.39.46.156
757,Ava,Lynock,alynockl0@dedecms.com,Polygender,105.71.239.198
758,Eugenio,Hallowes,ehallowesl1@cbslocal.com,Female,42.207.35.54
759,Neely,De Goey,ndegoeyl2@w3.org,Genderfluid,215.169.82.230
760,Kiele,Pagnin,kpagninl3@mapquest.com,Female,115.40.167.245
761,Ilysa,Debell,idebelll4@github.io,Bigender,189.13.172.128
762,Lauren,Mannock,lmannockl5@amazonaws.com,Genderqueer,54.63.35.122
763,Rosalinde,Likely,rlikelyl6@yahoo.co.jp,Polygender,74.96.129.157
764,Elyn,Le Brom,elebroml7@dion.ne.jp,Genderqueer,27.200.198.19
765,Dudley,Troppmann,dtroppmannl8@epa.gov,Agender,97.242.41.115
766,Gustav,Szepe,gszepel9@dailymotion.com,Genderfluid,229.228.198.177
767,Lutero,Scrivinor,lscrivinorla@yellowpages.com,Female,132.21.60.242
768,Latrena,Woolveridge,lwoolveridgelb@japanpost.jp,Male,250.86.186.23
769,Barnard,Laity,blaitylc@ovh.net,Non-binary,217.176.69.94
770,Niccolo,Devin,ndevinld@ifeng.com,Male,244.123.147.127
771,Louie,Bairstow,lbairstowle@cocolog-nifty.com,Polygender,190.39.96.130
772,Gertie,Plowright,gplowrightlf@cocolog-nifty.com,Non-binary,194.138.10.125
773,Pamela,Tineman,ptinemanlg@imgur.com,Female,124.225.35.78
774,Abagail,Tofpik,atofpiklh@photobucket.com,Polygender,202.218.153.48
775,Robert,Thiolier,rthiolierli@freewebs.com,Male,85.15.169.133
776,Joell,Goodwyn,jgoodwynlj@bandcamp.com,Non-binary,175.150.207.124
777,Laureen,Swindle,lswindlelk@hao123.com,Non-binary,1.165.176.231
778,Cherilyn,Broxup,cbroxupll@delicious.com,Female,135.227.4.190
779,Bran,Halligan,bhalliganlm@adobe.com,Non-binary,213.74.126.17
780,Diena,Seely,dseelyln@4shared.com,Female,135.30.155.219
781,Leanor,Petrakov,lpetrakovlo@patch.com,Polygender,186.23.99.77
782,Stephanie,Rowen,srowenlp@bizjournals.com,Polygender,73.182.197.31
783,Othella,Lorente,olorentelq@lulu.com,Male,24.58.19.30
784,Keene,Hinrich,khinrichlr@nsw.gov.au,Bigender,70.82.217.91
785,Martie,Lakeman,mlakemanls@smh.com.au,Genderqueer,49.186.128.250
786,Sumner,Baugham,sbaughamlt@uiuc.edu,Agender,127.17.196.22
787,Brnaby,Spyvye,bspyvyelu@patch.com,Agender,31.144.79.174
788,Raynard,Redshaw,rredshawlv@qq.com,Agender,210.34.175.155
789,Issiah,Rackley,irackleylw@scientificamerican.com,Genderfluid,89.35.67.247
790,Stormy,Francecione,sfrancecionelx@networkadvertising.org,Polygender,78.224.254.30
791,Alexandro,Zolini,azolinily@hhs.gov,Male,90.252.237.55
792,Ruthann,Dreger,rdregerlz@nifty.com,Male,179.140.62.142
793,Jaquenette,Snookes,jsnookesm0@bing.com,Genderqueer,171.195.117.189
794,Isabeau,Paal,ipaalm1@baidu.com,Polygender,31.176.130.108
795,Royal,Hawthorn,rhawthornm2@exblog.jp,Polygender,109.169.240.136
796,Minerva,Auty,mautym3@who.int,Genderqueer,158.0.139.115
797,Hilary,Havesides,hhavesidesm4@sfgate.com,Non-binary,92.49.39.205
798,Demetra,Huggins,dhugginsm5@addthis.com,Male,203.192.130.106
799,Niko,Lett,nlettm6@yelp.com,Genderfluid,128.54.85.107
800,Sheilakathryn,Assard,sassardm7@exblog.jp,Polygender,6.78.166.24
801,Siward,Camolli,scamollim8@unblog.fr,Non-binary,236.205.186.218
802,Danya,Bissell,dbissellm9@wikipedia.org,Female,162.217.161.81
803,Shane,Boulds,sbouldsma@ovh.net,Agender,147.195.87.36
804,Ellissa,Chandler,echandlermb@sciencedirect.com,Genderfluid,32.13.250.243
805,Cherrita,Vaadeland,cvaadelandmc@live.com,Male,87.97.247.119
806,Martguerita,Fabry,mfabrymd@ucla.edu,Polygender,48.168.54.216
807,Munmro,Stampe,mstampeme@jimdo.com,Genderqueer,126.98.66.127
808,Almeda,Camble,acamblemf@about.com,Female,115.31.72.24
809,Vanya,MacDonough,vmacdonoughmg@opensource.org,Genderqueer,174.144.207.144
810,Saunders,Dello,sdellomh@vimeo.com,Female,126.185.244.15
811,Dredi,Lucius,dluciusmi@arizona.edu,Female,131.65.51.61
812,Kettie,Furze,kfurzemj@ameblo.jp,Bigender,234.2.218.171
813,Rodolphe,Howle,rhowlemk@constantcontact.com,Genderfluid,3.167.4.98
814,Lisetta,McAdam,lmcadamml@drupal.org,Bigender,47.174.131.167
815,Daron,Veljes,dveljesmm@merriam-webster.com,Genderqueer,52.4.152.56
816,Elana,Spada,espadamn@macromedia.com,Agender,66.191.2.195
817,Vernon,Gaskin,vgaskinmo@skyrock.com,Genderqueer,218.238.18.142
818,Ludovika,Breckin,lbreckinmp@bloglovin.com,Agender,95.11.45.166
819,Hildy,Cordelle,hcordellemq@prweb.com,Agender,30.14.237.1
820,Dennie,De'Vere - Hunt,ddeverehuntmr@ebay.co.uk,Genderfluid,213.70.168.26
821,Guillermo,Drewes,gdrewesms@hostgator.com,Female,191.163.66.193
822,Waring,Philbrook,wphilbrookmt@instagram.com,Polygender,118.185.78.34
823,Karon,Ravel,kravelmu@furl.net,Bigender,146.237.20.251
824,Dulcea,Tryme,dtrymemv@shutterfly.com,Genderqueer,237.29.149.206
825,Lily,Ortell,lortellmw@gravatar.com,Genderqueer,125.55.190.246
826,Boone,Dibbert,bdibbertmx@ning.com,Male,38.38.89.128
827,Rutledge,Headon,rheadonmy@bizjournals.com,Bigender,67.215.126.233
828,Byrom,Denizet,bdenizetmz@sohu.com,Agender,247.126.108.20
829,Jena,Headland,jheadlandn0@e-recht24.de,Male,12.228.37.247
830,Cindee,Holleran,chollerann1@sina.com.cn,Male,192.101.163.124
831,Godiva,Longwood,glongwoodn2@illinois.edu,Polygender,137.14.252.222
832,Trev,Heathorn,theathornn3@chronoengine.com,Agender,122.241.113.109
833,Margalo,Massie,mmassien4@odnoklassniki.ru,Agender,179.198.189.97
834,Amelie,Dedrick,adedrickn5@macromedia.com,Male,73.37.0.172
835,Bordie,Wurz,bwurzn6@moonfruit.com,Male,138.225.57.202
836,Esra,Dobeson,edobesonn7@va.gov,Male,147.44.81.236
837,Koo,Witherington,kwitheringtonn8@nyu.edu,Female,17.113.149.77
838,Cass,Sauvan,csauvann9@cbc.ca,Bigender,127.249.183.33
839,Rube,Treske,rtreskena@hud.gov,Bigender,48.5.255.54
840,Harman,Hannabuss,hhannabussnb@berkeley.edu,Male,21.25.21.60
841,Price,Lezemore,plezemorenc@archive.org,Female,27.233.147.154
842,Lucien,Birchill,lbirchillnd@columbia.edu,Male,149.143.161.139
843,Tod,Kasbye,tkasbyene@wikispaces.com,Bigender,141.26.5.251
844,Lanae,Jancey,ljanceynf@dropbox.com,Genderfluid,224.116.27.57
845,Deb,Maxwale,dmaxwaleng@sina.com.cn,Female,18.54.239.52
846,Tonnie,Buddle,tbuddlenh@virginia.edu,Genderqueer,45.155.13.158
847,Joyous,Kester,jkesterni@simplemachines.org,Genderfluid,214.243.55.193
848,Nadeen,Moorton,nmoortonnj@bluehost.com,Genderqueer,118.167.54.224
849,Teodoro,Vashchenko,tvashchenkonk@artisteer.com,Polygender,111.31.29.84
850,Matteo,Antonelli,mantonellinl@clickbank.net,Genderqueer,149.6.23.200
851,Raffaello,Diego,rdiegonm@reuters.com,Male,49.123.215.179
852,Derward,Pressnell,dpressnellnn@about.com,Bigender,52.163.45.27
853,Giorgia,Casper,gcasperno@omniture.com,Polygender,107.221.80.141
854,Chastity,Lyver,clyvernp@bigcartel.com,Genderqueer,69.112.247.101
855,Rozelle,Hebburn,rhebburnnq@dagondesign.com,Polygender,22.191.16.200
856,Hildagard,Velde,hveldenr@un.org,Polygender,44.75.152.78
857,Valerye,Northrop,vnorthropns@flickr.com,Non-binary,109.24.219.179
858,Sollie,Briers,sbriersnt@youku.com,Non-binary,16.180.39.202
859,Trisha,Chamney,tchamneynu@booking.com,Male,142.43.102.169
860,Claudetta,De Pero,cdeperonv@ca.gov,Genderfluid,184.252.127.88
861,Lenard,Donoghue,ldonoghuenw@imdb.com,Bigender,194.183.138.150
862,Leo,Charteris,lcharterisnx@gmpg.org,Genderqueer,223.23.77.32
863,Dick,Buzzing,dbuzzingny@spotify.com,Polygender,97.22.144.225
864,Inesita,Stivens,istivensnz@xing.com,Male,176.75.103.20
865,Shell,Causley,scausleyo0@discovery.com,Agender,226.198.68.13
866,Waverley,Goneau,wgoneauo1@google.ca,Genderqueer,87.13.237.10
867,Todd,Le Galle,tlegalleo2@marketwatch.com,Male,187.2.103.8
868,Evaleen,Daveren,edavereno3@amazon.co.uk,Agender,2.201.80.48
869,Pegeen,Dodson,pdodsono4@amazon.co.uk,Non-binary,128.197.70.85
870,Eziechiele,Pedrick,epedricko5@wufoo.com,Bigender,46.244.193.24
871,Carrissa,Amiranda,camirandao6@scientificamerican.com,Bigender,120.108.232.65
872,Augustin,Tegeller,ategellero7@gravatar.com,Bigender,153.98.42.101
873,Rivkah,Ghidoni,rghidonio8@goo.ne.jp,Female,158.9.239.32
874,Nelle,Verick,nvericko9@goo.ne.jp,Non-binary,138.82.60.206
875,Murvyn,Thieme,mthiemeoa@nydailynews.com,Agender,183.250.185.116
876,Piper,Slora,psloraob@narod.ru,Genderqueer,153.9.77.249
877,Trent,Gerraty,tgerratyoc@qq.com,Genderfluid,228.91.7.109
878,Cordy,Cordelet,ccordeletod@moonfruit.com,Genderqueer,56.89.68.11
879,Corinna,Varvell,cvarvelloe@illinois.edu,Male,15.61.232.108
880,Lauryn,Brett,lbrettof@businessinsider.com,Polygender,147.227.162.220
881,Nehemiah,O'Hickey,nohickeyog@fastcompany.com,Male,21.51.57.182
882,Ardelis,Gerbl,agerbloh@sitemeter.com,Non-binary,15.201.153.208
883,Binni,Driscoll,bdriscolloi@redcross.org,Polygender,97.255.217.78
884,Lucho,Cockitt,lcockittoj@utexas.edu,Genderqueer,169.181.94.117
885,Saudra,Grushin,sgrushinok@addtoany.com,Non-binary,157.230.71.120
886,Antonino,Boner,abonerol@google.com.br,Non-binary,45.242.230.100
887,Sidonnie,Gonzalez,sgonzalezom@woothemes.com,Bigender,212.162.247.148
888,Noe,Ellwand,nellwandon@discovery.com,Bigender,109.201.161.163
889,Florida,Wagon,fwagonoo@gizmodo.com,Non-binary,60.210.175.178
890,Merla,Freiberg,mfreibergop@thetimes.co.uk,Bigender,170.47.227.216
891,Malvina,Aird,mairdoq@ezinearticles.com,Bigender,55.102.164.40
892,Tansy,McGillivray,tmcgillivrayor@rambler.ru,Agender,13.38.168.32
893,Nestor,Horsell,nhorsellos@uiuc.edu,Male,92.156.176.99
894,Gavrielle,de Mendoza,gdemendozaot@rediff.com,Female,66.175.116.237
895,Vernor,Ducham,vduchamou@intel.com,Genderfluid,212.255.104.132
896,Corene,Brambell,cbrambellov@archive.org,Genderqueer,93.182.244.145
897,Rolph,Rubert,rrubertow@economist.com,Agender,89.89.220.5
898,Alberta,Ritter,aritterox@rediff.com,Genderfluid,79.40.169.117
899,Tessie,Malimoe,tmalimoeoy@blogs.com,Bigender,207.140.157.165
900,Jimmie,Joule,jjouleoz@illinois.edu,Male,29.123.60.101
901,Aubrette,Tourmell,atourmellp0@nih.gov,Non-binary,90.155.214.106
902,Paige,Tardiff,ptardiffp1@google.it,Agender,233.63.104.206
903,Shaine,Skotcher,sskotcherp2@ihg.com,Non-binary,209.115.202.168
904,Krishna,Cato,kcatop3@lulu.com,Genderqueer,28.58.226.65
905,Bernetta,Sangra,bsangrap4@rediff.com,Genderqueer,109.101.216.126
906,Madlen,Kilgallon,mkilgallonp5@gravatar.com,Genderqueer,211.94.199.59
907,Dalli,Wooster,dwoosterp6@blogs.com,Male,169.122.87.215
908,Amil,Taphouse,ataphousep7@go.com,Male,162.236.52.251
909,Lana,Romaint,lromaintp8@zimbio.com,Bigender,223.235.57.127
910,Matthew,Sabatini,msabatinip9@nbcnews.com,Bigender,147.54.46.11
911,Carlyle,Werrit,cwerritpa@columbia.edu,Non-binary,77.44.15.65
912,Raina,Axleby,raxlebypb@goo.gl,Female,67.236.254.145
913,Xaviera,Barabisch,xbarabischpc@nature.com,Genderfluid,147.104.190.194
914,Honor,Simononsky,hsimononskypd@usnews.com,Genderfluid,171.216.129.15
915,Betsey,Line,blinepe@virginia.edu,Bigender,228.40.135.152
916,Rusty,Turle,rturlepf@imgur.com,Non-binary,243.45.214.22
917,Perry,Cowdray,pcowdraypg@nymag.com,Genderfluid,162.40.96.247
918,Ilene,Curthoys,icurthoysph@washingtonpost.com,Bigender,70.193.248.128
919,Ned,Jorgensen,njorgensenpi@fotki.com,Male,218.75.150.15
920,Bobbie,Killough,bkilloughpj@ehow.com,Female,127.73.229.76
921,Cosme,Crates,ccratespk@netscape.com,Agender,155.71.8.68
922,Maurise,Gapper,mgapperpl@noaa.gov,Non-binary,43.225.54.111
923,Ches,Pachta,cpachtapm@vkontakte.ru,Non-binary,220.53.68.160
924,Abby,Quinn,aquinnpn@exblog.jp,Male,193.63.81.105
925,Jaclyn,Cato,jcatopo@over-blog.com,Polygender,99.57.103.182
926,Dewey,Huby,dhubypp@ycombinator.com,Genderqueer,201.92.53.181
927,Bertha,Roglieri,broglieripq@instagram.com,Male,248.94.119.244
928,Ronnica,Blick,rblickpr@printfriendly.com,Bigender,248.37.239.4
929,Sheffie,Hansel,shanselps@wiley.com,Bigender,92.14.48.115
930,Duncan,Curedale,dcuredalept@joomla.org,Non-binary,144.89.185.204
931,Morie,Rushforth,mrushforthpu@acquirethisname.com,Genderfluid,191.83.136.15
932,Micaela,Setterthwait,msetterthwaitpv@amazon.co.uk,Female,157.147.61.131
933,Christi,Huxstep,chuxsteppw@pen.io,Agender,76.108.179.156
934,Wyndham,Wyndham,wwyndhampx@huffingtonpost.com,Agender,20.189.149.167
935,Gay,Presnail,gpresnailpy@vinaora.com,Genderqueer,254.186.47.26
936,Herbert,Hakewell,hhakewellpz@yahoo.co.jp,Bigender,250.37.65.68
937,Raf,Bauckham,rbauckhamq0@infoseek.co.jp,Agender,188.175.142.83
938,Carina,Kinnerley,ckinnerleyq1@guardian.co.uk,Female,241.64.218.34
939,Cleve,Waszkiewicz,cwaszkiewiczq2@live.com,Genderfluid,101.19.102.197
940,Corny,Mc Andrew,cmcandrewq3@google.es,Female,250.204.5.44
941,Gena,Jaslem,gjaslemq4@telegraph.co.uk,Genderqueer,69.228.89.227
942,Angie,Tafani,atafaniq5@google.co.jp,Female,211.41.233.250
943,Shellie,McKeever,smckeeverq6@salon.com,Polygender,55.136.178.50
944,Lesley,Shaplin,lshaplinq7@sakura.ne.jp,Female,195.250.42.36
945,Alessandro,Chestle,achestleq8@uiuc.edu,Male,240.148.97.156
946,Osmond,Haysar,ohaysarq9@desdev.cn,Agender,47.20.198.241
947,Eddi,Mealand,emealandqa@theglobeandmail.com,Bigender,177.73.247.46
948,Lulu,Corness,lcornessqb@ask.com,Genderfluid,15.86.98.105
949,Archibald,Bursnell,abursnellqc@studiopress.com,Genderqueer,119.78.237.213
950,Rosalinde,Woolatt,rwoolattqd@furl.net,Genderqueer,125.153.217.60
951,Livy,Lawman,llawmanqe@gizmodo.com,Bigender,219.55.181.128
952,Maxim,Dankov,mdankovqf@census.gov,Non-binary,99.229.123.102
953,Ysabel,Aburrow,yaburrowqg@bluehost.com,Female,243.104.117.181
954,Yul,Pryce,ypryceqh@phpbb.com,Male,59.176.58.211
955,Neil,Brumble,nbrumbleqi@homestead.com,Agender,206.212.221.215
956,Corbin,Louch,clouchqj@boston.com,Agender,189.151.133.187
957,Cherida,Gabites,cgabitesqk@java.com,Bigender,215.201.117.161
958,Bronny,Baynham,bbaynhamql@mit.edu,Non-binary,148.19.168.83
959,Bidget,Wiper,bwiperqm@google.nl,Bigender,142.246.208.65
960,Jacqueline,Lund,jlundqn@exblog.jp,Agender,197.56.125.238
961,Kelvin,Staries,kstariesqo@biglobe.ne.jp,Genderqueer,27.230.71.93
962,Mordy,Tunkin,mtunkinqp@ameblo.jp,Male,230.108.251.79
963,Mahala,Edinboro,medinboroqq@etsy.com,Male,112.168.232.107
964,Laurie,Spare,lspareqr@rambler.ru,Genderfluid,81.48.155.29
965,Seana,Seagood,sseagoodqs@angelfire.com,Non-binary,167.66.175.190
966,Tyne,Terney,tterneyqt@addthis.com,Male,42.204.95.124
967,Kingsley,Pontain,kpontainqu@alexa.com,Female,94.157.112.55
968,Delia,Loveitt,dloveittqv@archive.org,Male,16.124.51.89
969,Matthew,Riggert,mriggertqw@ebay.com,Male,77.248.66.108
970,Adaline,Vanetti,avanettiqx@globo.com,Female,11.159.90.61
971,Malva,Gascoine,mgascoineqy@51.la,Agender,153.157.126.188
972,Daune,Georger,dgeorgerqz@cbc.ca,Bigender,212.223.45.111
973,Arlie,Abrams,aabramsr0@ed.gov,Male,38.124.137.50
974,Ferd,Beldan,fbeldanr1@umich.edu,Bigender,139.147.181.60
975,Isabelle,Kerwood,ikerwoodr2@wix.com,Non-binary,88.153.159.106
976,Jae,Godmar,jgodmarr3@twitter.com,Polygender,157.55.101.45
977,Vidovic,Batteson,vbattesonr4@edublogs.org,Polygender,86.185.174.45
978,Gare,Gerdes,ggerdesr5@csmonitor.com,Bigender,87.5.225.144
979,Kala,Duham,kduhamr6@upenn.edu,Agender,80.123.50.210
980,Vanna,Kopmann,vkopmannr7@nih.gov,Non-binary,38.211.222.60
981,Lenna,Nunnerley,lnunnerleyr8@amazon.com,Non-binary,243.186.76.168
982,Tucky,Adrien,tadrienr9@cdc.gov,Female,232.131.73.214
983,Mariquilla,Gollop,mgollopra@nbcnews.com,Polygender,133.190.127.190
984,Lenora,Kaliszewski,lkaliszewskirb@yellowbook.com,Genderqueer,231.241.155.113
985,Truman,Marsters,tmarstersrc@vinaora.com,Genderfluid,89.183.221.217
986,Joseito,Morena,jmorenard@i2i.jp,Non-binary,212.189.162.107
987,Delila,Minchinden,dminchindenre@google.ru,Male,4.15.87.229
988,Evyn,Coleshill,ecoleshillrf@biglobe.ne.jp,Genderqueer,42.154.193.96
989,Larina,Sigward,lsigwardrg@cbslocal.com,Polygender,1.66.25.240
990,Court,Drinkel,cdrinkelrh@imageshack.us,Bigender,1.174.160.69
991,Leilah,Aird,lairdri@creativecommons.org,Genderfluid,238.31.40.97
992,Halie,Reymers,hreymersrj@printfriendly.com,Polygender,197.110.72.31
993,Gaylene,Doogan,gdooganrk@nytimes.com,Polygender,3.44.159.4
994,Yves,Bickmore,ybickmorerl@illinois.edu,Non-binary,138.192.81.38
995,Haskell,Geffe,hgefferm@cnet.com,Genderfluid,30.244.50.200
996,Bryant,Mattusov,bmattusovrn@forbes.com,Polygender,82.142.65.131
997,Nelia,Egle of Germany,negleofgermanyro@apple.com,Male,127.207.178.147
998,Brigg,Cabrara,bcabrararp@mit.edu,Female,14.156.67.243
999,Christi,Trembey,ctrembeyrq@drupal.org,Non-binary,209.55.212.95
1000,Joshia,Matousek,jmatousekrr@huffingtonpost.com,Genderfluid,83.7.4.164
